Jose01,dummypassword1,10001
Christian02,dummypassword2,10002
Brad03,dummypassword3,10003
Anthony04,dummypassword4,10004
Alice05,dummypassword5,10005
Rosie06,dummypassword6,10006
Martha07,dummypassword7,10007
Leila08,dummypassword8,10008
Allison09,dummypassword9,10009
Cydney10,dummypassword10,10010
Josie11,dummypassword11,10011
Selena12,dummypassword12,10012
Fredrick13,dummypassword13,10013
Mark14,dummypassword14,10014
Darlene15,dummypassword15,10015
Kolby16,dummypassword16,10016
Vella17,dummypassword17,10017
Tomas18,dummypassword18,10018
Jacklyn19,dummypassword19,10019
Percival20,dummypassword20,10020
Garfield21,dummypassword21,10021
Lizeth22,dummypassword22,10022
Carol23,dummypassword23,10023
Emelia24,dummypassword24,10024
Delia25,dummypassword25,10025
"user","pass","100030"
